{
  "$schema": "https://schema.management.azure.com/schemas/2015-01-01/deploymentTemplate.json#",
  "contentVersion": "1.0.0.0",
  "parameters": {
    "StorageAccountName": {
      "type": "string",
      "metadata": {
        "description": "Name of the storage account"
      }
    },
    "StorageAccountType": {
      "type": "string",
      "metadata": {
        "description": "Type of the storage account"
      }
    },
    "_artifactsLocation": {
      "type": "string",
      "metadata": {
        "description": "The base URI where artifacts required by this template are located including a trailing '/'"
      },
      "defaultValue": "[uri(deployment().properties.templatelink.uri,'m365wcs.zip')]"
    },
    "location": {
      "type": "string",
      "metadata": {
        "description": "Location where the resources will be deployed"
      }
    }
  },
  "variables": {
    "nestedTemplateUri": "[uri(deployment().properties.templatelink.uri,'nestedtemplates/m365wcs.json')]",
    "uniqueString": "[substring(uniquestring(resourceGroup().id),1,6)]",
    "AppServicePlanName": "[concat('m365wcs-sp',variables('uniqueString'))]",
    "AppServiceName": "[concat('m365wcs-',variables('uniqueString'))]"
  },
  "resources": [
    {
      "type": "Microsoft.Resources/deployments",
      "apiVersion": "2018-05-01",
      "name": "pid-8f2bd84e-9cfa-50df-a9b8-69861acb9d60",
      "properties": {
        "mode": "Incremental",
        "templateLink": {
          "uri": "[variables('nestedTemplateUri')]",
          "contentVersion": "1.0.0.0"
        },
        "parameters": {
          "StorageAccountName": {
            "value": "[parameters('StorageAccountName')]"
          },
          "StorageAccountType": {
            "value": "[parameters('StorageAccountType')]"
          },
          "artifactsLocation": {
            "value": "[parameters('_artifactsLocation')]"
          },
          "AppServicePlanName": {
            "value": "[variables('AppServicePlanName')]"
          },
          "AppServiceName": {
            "value": "[variables('AppServiceName')]"
          },
          "location": {
            "value": "[parameters('location')]"
          }
        }
      }
    }
  ]
}