{
    "$schema": "https://schema.management.azure.com/schemas/2015-01-01/deploymentTemplate.json#",
    "contentVersion": "1.0.0.0",
    "parameters": {
        "StorageAccountName": {
            "type": "String"
        },
        "StorageAccountType": {
            "type": "String"
        },
        "location": {
            "type": "String"
        }
    },
    "variables": {
        "zipFrontendUrl": "https://github.com/glueckkanja/gk-m365-workplacecloudstorage/raw/master/dist/m365wcs.zip",
        "AppServicePlanName": "[concat('m365wcs-sp',uniquestring(resourceGroup().id))]",
        "AppServiceName": "[concat('m365wcs-app',uniquestring(resourceGroup().id))]"
    },
    "resources": [
        {
            "type": "Microsoft.Resources/deployments",
            "apiVersion": "2018-02-01",
            "name": "pid-8f2bd84e-9cfa-50df-a9b8-69861acb9d60",
            "properties": {
                "mode": "Incremental",
                "template": {
                    "$schema": "https://schema.management.azure.com/schemas/2015-01-01/deploymentTemplate.json#",
                    "contentVersion": "1.0.0.0",
                    "resources": []
                }
            }
        },
        {
            "type": "Microsoft.Storage/storageAccounts",
            "apiVersion": "2019-04-01",
            "name": "[parameters('StorageAccountName')]",
            "location": "[parameters('location')]",
            "sku": {
                "name": "[parameters('StorageAccountType')]"
            },
            "kind": "StorageV2",
            "properties": {
                "accountType": "[parameters('StorageAccountType')]",
                "networkAcls": {
                    "bypass": "AzureServices",
                    "virtualNetworkRules": [],
                    "ipRules": [],
                    "defaultAction": "Allow"
                },
                "supportsHttpsTrafficOnly": true,
                "encryption": {
                    "services": {
                        "file": {
                            "enabled": true
                        },
                        "blob": {
                            "enabled": true
                        }
                    },
                    "keySource": "Microsoft.Storage"
                },
                "accessTier": "Hot"
            }
        },
        {
            "type": "Microsoft.Web/serverfarms",
            "apiVersion": "2018-02-01",
            "name": "[variables('AppServicePlanName')]",
            "location": "[parameters('location')]",
            "sku": {
                "Tier": "Standard",
                "Name": "S1"
            },
            "properties": {
                "name": "[variables('AppServicePlanName')]",
                "workerSize": 1,
                "numberOfWorkers": 1
            }
        },
        {
            "type": "Microsoft.Web/sites",
            "apiVersion": "2018-02-01",
            "name": "[variables('AppServiceName')]",
            "location": "[parameters('location')]",
            "dependsOn": [
                "[concat('Microsoft.Web/serverfarms/', variables('AppServicePlanName'))]"
            ],
            "tags": {
                "[concat('hidden-related:', resourceGroup().id, '/providers/Microsoft.Web/serverfarms/', variables('AppServicePlanName'))]": "Resource",
                "displayName": "M365 Workplace Cloud Storage"
            },
            "properties": {
                "name": "[variables('AppServiceName')]",
                "serverFarmId": "[resourceId('Microsoft.Web/serverfarms/', variables('AppServicePlanName'))]",
                "siteConfig": {
                    "appSettings": [
                        {
                            "name": "WEBSITE_RUN_FROM_PACKAGE",
                            "value": "[variables('zipFrontendUrl')]"
                        },
                        {
                            "name": "AppConfig:AzureConfig:StorageConfig:Connection",
                            "value": "[Concat('DefaultEndpointsProtocol=https;AccountName=',parameters('StorageAccountName'),';AccountKey=',listKeys(resourceId('Microsoft.Storage/storageAccounts', parameters('StorageAccountName')), '2019-04-01').keys[0].value, ';EndpointSuffix=core.windows.net')]"
                        }
                    ]
                }
            }
        }
    ]
}